owner_age,claimed_revenue_decile,business_credit_score,name_email_similarity,business_address_tenure_months,shared_device_registration_count,onboarding_doc_velocity_6h,onboarding_doc_velocity_24h,onboarding_doc_velocity_4w,cross_border_registration,requested_processing_limit,onboarding_duration_days,uses_free_email_domain,txn_count_90d,avg_txn_amount,unique_cardholder_count,repeat_customer_ratio,mcc_amount_zscore,txn_volume_trend_slope,large_txn_spike_ratio,refund_ratio,chargeback_velocity_trend,blue_team_fraud_probability,blue_team_decision,evaded
20,0.8963308597143328,279,0.40035977445069115,10.921852904694244,1.0,8153.620921042711,6048.094112796028,4945.4950483083085,0,199.0844423068444,0.0002271988715975004,0,1620.0,87.33503536245617,1906.0,0.2964861109430015,0.020607601823813212,-0.00867187071642362,0.05066361784293497,0.1338488907420074,-0.03566617374372373,0.072667874,EVADED,1
40,0.7106419766677828,183,0.7722358656646461,34.108931038293385,1.0,5572.123596038048,5173.516675237322,4237.016109391308,0,194.82676573055323,0.005221638564100222,0,37.0,94.74188691582519,493.0,0.22198067869673818,-0.3011781710473723,-0.15575378857429067,0.05146824884774178,0.09230703709250579,-0.009853361257685529,0.07453292,EVADED,1
40,0.40051401676462245,109,0.44482690659566776,24.95385066037517,1.0,2310.536176364373,4540.935373510401,5036.67693722114,0,203.7363335598648,0.008085405750146664,0,12037.0,65.25802223129548,1355.0,0.2077054039808536,-0.49907204154194473,-0.17903954695404256,0.05103486192194671,0.03895693161428941,-0.009445705513051829,0.23427525,EVADED,1
40,0.700715957136779,101,0.7854762118355229,34.28144458607884,2.0,2421.1706557862644,3217.605709982858,5140.732851348146,0,1498.2298223817804,0.00578240398944669,1,4089.0,65.1238036631215,1755.0,0.035173258696737215,-0.24533338941883176,-0.14951315575792726,0.05132281695784484,0.10564000982348937,-0.010864055086028985,0.35568812,EVADED,1
40,0.7078073112449702,131,0.9772401194367641,33.12612008574755,1.0,5022.261209893719,4011.5110458588597,4215.008613265135,0,1503.0622463495733,0.0008502689424831128,1,87908.0,83.21662312010973,8302.0,0.5405278592510697,-0.02443777402787073,-0.19580470650374285,0.050675856497178845,0.10142345835266141,-0.004657847485539008,0.023278074,EVADED,1
40,0.9084472192087846,137,0.057432976471371466,23.940414533433774,1.0,5119.955554877823,7463.311570182609,4882.619066102841,1,199.1749338842559,0.003436640868332971,1,3172.0,114.76661077638585,993.0,0.03456749578861333,0.09946035092612132,0.0505833757525741,0.05058167806017863,0.06418565223877781,-0.002484503801857078,0.39378783,EVADED,1
40,0.6975793477136185,136,0.11927637889938836,33.84818862077938,1.0,4881.428628464227,7194.050445087985,5603.604434265567,0,204.81427807183002,0.0019346759672299596,0,871.0,23.11557943836086,684.0,0.03913053323338799,0.0795363823558599,0.24766704979085435,0.05160744838935555,0.127551801984151,-0.026205254405000954,0.055900097,EVADED,1
50,0.8012494644432582,135,0.29414874817603187,210.86434235463406,1.0,6073.815887767349,8142.396828439645,5025.3370685898535,1,204.83017071298946,0.015633218968115294,0,1945.0,321.08014748718875,835.0,0.04245181411765546,-0.9816255414002748,0.05311879355516115,0.049962423679024294,0.02115929147941581,-0.012487413473772186,0.2314753,EVADED,1
50,0.8106936998886929,75,0.5340305372234833,33.96225264311533,1.0,12802.427746220763,2741.116144253881,4302.700829338361,0,996.4982896583335,0.001172887692346893,1,0.0,269.7842089276683,296.0,0.2802897809027707,-0.2212497530202583,0.15621084644952046,0.051135642360943125,0.03253560366711902,0.009768558542220283,0.035735738,EVADED,1
20,0.9058010848348033,128,0.8388516142682045,34.85920587536962,1.0,2278.2530520088794,4449.494743670784,4282.568475767616,1,196.4226659971956,0.033766978318546206,0,79221.0,88.04717743842245,3303.0,0.42828667476553395,-0.14776222540960315,-0.16959026734449278,0.04975265802218796,0.015946198739664113,-0.0019972006664534785,0.4284829,EVADED,1
40,0.7030004611553261,110,0.6932089116233464,17.940559614602265,1.0,6771.008692688626,4325.155584953854,4877.789327091886,0,191.12325696642407,0.006312972111298024,0,156.0,157.42196381506238,1410.0,0.30921509551076665,-0.009464045496697285,0.15814393901047913,0.050588584464037537,0.06794901853400583,-0.022782738306580175,0.04790571,EVADED,1
40,0.90409345882415,132,0.20647968736547273,32.63333268213532,1.0,3815.3168002500815,7697.538256431185,6268.335918179261,1,201.52759431853036,0.048210202850175604,0,73674.0,38.1915077965666,2078.0,0.3177229306929182,-0.31882465412443345,-0.1470343132933459,0.05269646698049463,0.024197654360626666,-0.03307320368870698,0.009485979,EVADED,1
40,0.9063642556379516,54,0.9579783690267792,168.86488102181423,1.0,5246.940513576364,6184.718562598975,4278.291864804424,0,196.35183904032505,0.00391972199640117,0,2333.0,1665.0740310147607,244.0,0.12090986020337055,-0.9139654397691742,0.045047516417585434,0.05165850509203415,0.06662001475889896,0.006360823518756241,0.009188597,EVADED,1
40,0.9057647778584388,86,0.7127748351557712,33.1347934767627,1.0,6268.87419379198,3208.3216533195073,4921.28802059596,0,208.9696022886894,0.0,0,3206.0,109.56430960420097,1043.0,0.01721851081243496,-1.4649964906975272,0.027089666849552517,0.05009736671962492,0.02741866585495258,0.0133385100818753,0.2549465,EVADED,1
30,0.8959332879071598,115,0.8898868808470664,9.170948769683854,1.0,2810.329882735022,2510.0194693969584,5605.46824369708,0,193.42589080035583,0.007230149857156533,0,2838.0,105.77869014536071,881.0,0.3792469874646805,-0.05301960903257012,0.06372923035941924,0.05059280759031536,0.02557091311960662,0.005731258234566553,0.14979824,EVADED,1
40,0.7978119734524123,144,0.2226025512347289,34.14612545382975,1.0,3981.5917623299756,4018.953265815255,5261.430185899985,0,195.55487348622492,0.00389889768595658,0,87394.0,73.11611721118716,2407.0,0.5513631564621989,0.018144175929883526,-0.1683977912730998,0.0498733012334449,0.11348842664474268,0.009141663034135702,0.18748106,EVADED,1
40,0.8981231491356007,235,0.9389953540267817,33.49525513812273,1.0,4752.952907196748,3956.2133743075497,4405.608778989968,0,197.7526253439347,0.004526459221749791,0,1428.0,354.16603142017317,1449.0,0.2293036653184507,-0.024583303009241258,0.17355947207382483,0.050536558472278933,0.04589926486782227,-0.03033229174319449,0.014095069,EVADED,1
50,0.8124662923047318,62,0.4767319021889109,33.832077366436394,2.0,7576.259165519591,3210.8192128275805,5306.628574124893,0,1511.8353019600054,0.013875584160573712,1,2811.0,76.26253170951911,1390.0,0.1650901196905159,0.21740348602362336,0.07230033576875881,0.0516045242253093,0.05674287095567115,-0.012042683053952525,0.04519854,EVADED,1
30,0.7050484924237602,223,0.7794985028318248,54.49719680947455,1.0,8582.112244392085,6749.214433627463,3159.107268892067,0,202.62554024652778,0.013582215987957924,0,1352.0,115.55165696114312,1707.0,0.2609236940583184,-0.21542356037841587,-0.16308451412941977,0.05036665788872322,0.08581878181233762,0.0005198675091895796,0.024253953,EVADED,1
30,0.90200499822337,57,0.773710081215879,34.776466459828285,1.0,10075.296415783543,2777.9443319867096,5652.965168032865,0,496.7004388865927,0.0019494774414257291,0,902.0,92.34529948163431,950.0,0.03478128466221287,-0.40145523487047025,-0.13522595219624065,0.05066206020543125,0.0053017769415977835,-0.04753922995914672,0.008858189,EVADED,1
30,0.09765701970317628,258,0.8790330510379566,79.470835624627,1.0,1804.1545683596064,4968.831316955904,5016.691205070419,0,200.89376768593294,0.003167391340597368,0,2103.0,106.94350073545147,723.0,0.2670480958420283,-0.7211175637088736,0.25040663888231807,0.057585681594458205,0.09132423015871721,0.00209363731255759,0.02452874,EVADED,1
68,0.8988855710643411,65,0.23808373801375918,23.687186542322735,2.0,3162.660188221609,5639.926835013545,5200.538062522348,0,201.97938895196427,0.017525493383033525,1,3866.0,70.38960615217188,2903.0,0.13936925280904255,-0.5035510773008536,-0.14627615953422798,0.050441476009288236,0.026276979799460795,0.023440038934945995,0.28737825,EVADED,1
40,0.2078354068016094,164,0.8172606910453231,33.64103742992953,1.0,1891.6066281330948,4384.792704658463,5612.589768412684,1,196.40335407577504,0.006918653972128036,0,83183.0,66.36422235077285,3356.0,0.5141405905115931,-0.05644007107113376,0.23421803117943707,0.0506275337073823,0.04318049567219843,-0.011617735980074624,0.29161748,EVADED,1
40,0.5146824295020564,114,0.8566155175320614,24.73259989060317,1.0,1166.2003734285709,4002.031243369526,5052.1314879742695,0,201.41747021699308,0.003276119647816101,1,6327.0,53.107869254173536,1618.0,0.213847170650272,-0.22883863176602115,-0.26253833778102953,0.05140397622192384,0.04449831268206422,-0.013702030430432286,0.036323614,EVADED,1
40,0.1924754435797935,204,0.8167208823389419,22.484757616074898,1.0,4468.666197861274,4192.756136258893,5019.536106208062,1,202.21593837488828,0.00033246881080644915,1,2612.0,382.76601279912956,270.0,0.2367517357275705,0.599146111876963,-0.04442670429049875,0.04995583927476906,0.05204801102383168,0.0006285292393405917,0.19519365,EVADED,1
40,0.9021753768508727,199,0.16412477876106712,191.56597996749812,1.0,6658.7251023207555,2964.70081383263,4315.035152769961,0,198.0118915106957,0.0031113012879159982,0,1979.0,158.75399778990644,492.0,0.01026663897722419,-0.45753450352854397,0.0674617816304135,0.05077639010137581,0.08139651319077659,0.04482991562436667,0.33944213,EVADED,1
30,0.9040626751539858,43,0.23552622711049875,30.8854799244624,1.0,9304.552855185766,4101.918980600619,4910.365461131452,0,198.85889479767891,0.006049083373896145,0,459.0,229.65947234850364,7714.0,0.408332999136242,-0.00942998698955122,-0.05943568067490773,0.050916332058047985,0.06089959673034208,-0.002597111208941099,0.39416292,EVADED,1
40,0.7002813349711253,271,0.24750172728871553,107.15074227909489,1.0,2685.5824319996714,6890.280411929154,5304.505224382265,0,199.5126540631126,0.0048558619963444015,1,617251.0,55.99961185957345,6369.0,0.6312045490842741,-0.2116909416404537,-0.1337996556406985,0.0504152252036684,0.07479634076659676,-0.019391866732718324,0.1778392,EVADED,1
30,0.40346144201233825,127,0.7898342372609197,34.13914807654367,1.0,2373.052190154209,2861.3004251892758,5818.030594722894,0,199.74478907232785,0.0017185966846135403,0,401.0,89.3124449451942,2468.0,0.22970406144042405,-0.4373894771719019,0.16253716344189323,0.05004410727317634,0.059958190083343105,-0.011983165556858204,0.13184825,EVADED,1
50,0.7898817835189212,164,0.8746496124865116,33.15521153780493,1.0,12859.001970052099,1808.339710088998,4942.5691068089645,0,203.1455594247942,0.0,0,1568.0,2092.584795436307,559.0,0.032344590190445034,-0.0428543353634645,-0.07266082757293439,0.05798057113753837,0.041889648793013635,0.021723361381167042,0.19009487,EVADED,1
20,0.7074556573746216,169,1.0,34.30730313335369,1.0,1527.7816185687225,3425.854170671454,4757.860786724031,0,198.2569992547637,0.014589692355268039,1,4418.0,75.56834063084872,8218.0,0.7153390706496563,0.15114873344344268,-0.1408166174437011,0.05043995157231259,0.09545805346862771,0.016060436530921218,0.4366978,EVADED,1
40,0.8032680899084395,85,0.8405015646266774,33.90320246757532,2.0,8061.850025894193,5618.994188006026,5348.064751979487,0,206.91221109051628,0.0054896497882483365,1,3240.0,106.96742398231275,1374.0,0.04110978320171195,-0.06131677878241196,0.08666171373914147,0.05057989321990741,0.048810147460385034,0.007167701043454329,0.34193477,EVADED,1
40,0.6810234687259082,64,0.1727950129732359,34.83120955518275,2.0,4171.310171538857,4883.290431042883,4129.6201196814545,0,196.95846041892287,0.004186682407964955,0,3161.0,66.88722472441941,1757.0,0.025719862650283455,-0.23217885241336406,-0.11158065081274722,0.050422179635339286,0.015768117560169295,-0.025927007722963937,0.2547191,EVADED,1
40,0.7020816119411553,197,0.12515195369507606,33.80068425364017,1.0,5228.665926044796,7560.817585973188,4999.54503287727,0,1519.3881879752505,0.005076705028196516,0,764.0,301.0239073035813,2325.0,0.26924931178646505,0.3609550731760454,-0.13081429422947552,0.05055034235316562,0.034184922082710574,0.043668461818275786,0.49961725,EVADED,1
40,0.7081422243848724,109,0.7516580340272134,91.0483055377158,1.0,4174.544050322127,3930.211406128875,5001.654695173621,1,197.86351426545428,0.0071209515752496165,0,9182.0,301.8913558193584,443.0,0.12088094633572229,0.5197630619805651,-0.18968617313551756,0.053567615209583516,0.024377833762658035,-0.011531276926889265,0.43568254,EVADED,1
40,0.8993483854137012,102,0.1352048916252672,26.647609685508424,1.0,6754.285266107568,3213.6220111383273,4139.535289592934,0,492.2444021159155,0.0027624891662207398,1,4593.0,120.50081493213634,181.0,0.3617432626567788,-0.21201588884224631,0.03525741858656911,0.05026092027595763,0.10897102289174165,0.02091800063442249,0.23054525,EVADED,1
40,0.9043976349979929,201,1.0,46.99309232735392,1.0,1358.8494538470484,1948.4302094565048,6172.912556762894,0,201.9936546518646,0.0017543370689410778,1,3409.0,221.9910654055804,320.0,0.03772578978808036,0.1287845771370932,-0.0810162612935922,0.05034585165501084,0.11225652623379284,-0.024859482247989527,0.065620705,EVADED,1
40,0.6932085253955643,204,0.8328395270310183,34.808610056127,1.0,4298.456174891222,2146.601252453992,4802.191699643937,0,208.8145002661632,0.002121229162496405,0,0.0,58.34550901778499,1476.0,0.04385479289221978,-1.3945465506478014,0.1527140239130312,0.050079067271891556,0.04376688218827263,0.02922422151902883,0.07827466,EVADED,1
51,0.7098321577380207,34,0.9036441732393057,33.28850968970013,2.0,10919.097260587303,7891.385056806963,5662.843600974595,0,196.05133852229187,0.003952157607532401,1,5304.0,306.1847633453873,402.0,0.028928711110908403,-0.5163976120300077,0.21963557642684212,0.051601367994741826,0.04005250134797322,-0.005502159182165468,0.13459289,EVADED,1
40,0.6015296703371883,295,0.992519311863925,33.263817899895415,1.0,4632.631148410191,5568.816679589951,5226.0868079953725,0,201.9646728902029,0.003659834027167311,0,4288.0,154.66597918294553,1015.0,0.19710727024684588,0.057390972170852594,-0.13488845860521587,0.05120198843504189,0.08749672898813023,0.024527557579029545,0.016735876,EVADED,1
40,0.09943361439277217,188,0.7972148505325304,33.369500350373855,1.0,7532.549899489927,5371.4481794469375,4251.566564466542,1,203.73662011434587,0.0024966655999071673,1,2754.0,44.144913456487195,1942.0,0.27308762457257885,-0.18978525987031397,0.2687337238029704,0.05110112743362663,0.04615209302044236,0.024302915281727445,0.2960812,EVADED,1
40,0.20477210175110708,156,0.04413300433599175,12.650652470010705,1.0,7282.972176263772,6941.659313480878,5062.995848054416,0,501.2595344689902,0.007342212406501724,1,2214.0,291.8864821965245,2008.0,0.050646474470716366,-0.28025933697987215,0.05168441982101247,0.05126089120699931,0.019849382746909013,0.04254293539058577,0.19628012,EVADED,1
40,0.9048078239435403,191,0.9607143575011964,33.63164574335933,2.0,4990.502774094943,4075.624416905931,5054.435499800905,0,200.3266828016201,0.001347397353638947,1,0.0,120.07021464129768,33.0,0.08586951198248907,-0.38090208728307845,0.15110220281653985,0.04975224154325486,0.039799434250776436,0.014497038313052258,0.4782924,EVADED,1
40,0.7077051600515363,147,0.9861472853933968,11.957566339638717,1.0,9320.163618481847,5056.737075383608,4395.759345823194,0,1493.5089269853481,0.0075299626764987835,0,749.0,61.975247143645845,601.0,0.1405653047977961,-0.8641201323319584,-0.029538923578788755,0.05010382830215679,0.07801700971453122,-0.05035189052343629,0.16342735,EVADED,1
40,0.9012583638803288,184,0.8156080723399901,21.163966938030438,1.0,4918.698085479126,3973.0851121749797,5570.2659586135105,0,1470.957913542638,0.0027647891165287364,1,4753.0,101.2836871352999,2033.0,0.286655397119695,-0.22066295143091277,0.1381535676444941,0.05063414526548853,0.05349215058275759,0.0021860036478414417,0.30724192,EVADED,1
61,0.1078197607130704,141,0.8636164333469316,132.01463964570922,1.0,6457.262730003668,6669.22341291066,6167.439341421863,0,499.6638194667245,0.014476981052260526,0,3888.0,83.5757567376777,863.0,0.21519579660698554,-0.4185659195580701,-0.14277731025798543,0.05032065733200411,0.08380826349567663,-0.0404449618949607,0.016350754,EVADED,1
40,0.5979155871146107,74,0.7936654425330977,25.108971192680993,1.0,8426.002479064455,3482.4341328029514,5447.4928385672365,0,200.43894626657573,0.0006988033787705904,1,15534.0,95.57259811658035,1301.0,0.3455156348802825,0.03454930277396337,0.06853115103147096,0.0508212586257358,0.1350893093785783,-0.011702799252327378,0.34917894,EVADED,1
40,0.7082306114368219,47,0.7815033737312993,34.67283877221539,2.0,4746.818127714842,6682.547829057549,5290.651741050825,0,197.44505334950193,0.012946395374044187,1,0.0,100.65886156885153,346.0,0.034500228276914485,-0.5289505632484478,0.05683320325396388,0.05151850963688071,0.06744168949785642,0.0019184592767898558,0.33618313,EVADED,1
40,0.10616528206555095,220,0.7823904362522903,33.6356423146113,1.0,10941.746838369929,4782.656235986737,4301.876781906976,0,191.53607874464686,0.0018880320076165066,1,3397.0,82.0756091798004,1381.0,0.1461001031062486,-0.044565789347286125,0.06276662409481636,0.051967589735237685,0.04795829926909441,0.035502829958971145,0.06220886,EVADED,1
40,0.7025908116751471,83,0.7911312914210873,72.33914839208735,2.0,5364.285693730059,6921.5175850873475,5387.461603722634,0,195.48521096416292,0.0022866832470804553,1,3074.0,127.87492562469116,283.0,0.029296581006378115,0.1338551945121208,0.12708980780555332,0.050638182490163566,0.012693851972898046,-0.013497499248285076,0.042175394,EVADED,1
20,0.688571248106665,223,0.15182819186390076,33.59939501459502,1.0,4051.0107391344027,3824.230664937845,3727.679651911004,1,1519.9062698705725,0.0008786151939757479,0,2763.0,95.79760128325064,1065.0,0.08620405511502585,-0.8629028703468962,-0.06684604489405577,0.052058533197188415,0.0397781535514351,0.006986905090767519,0.339631,EVADED,1
40,0.8013895542587599,96,0.8788905552833222,194.6188636560137,1.0,6398.629301813749,5706.132093153697,3248.979215596154,0,198.4116963130611,0.006237886523310982,1,4791.0,44.91005401830583,509.0,0.02904907152512523,0.1361237645804011,0.1279423367264037,0.05117378241728049,0.036518363751363,-0.019926865015579373,0.046391074,EVADED,1
71,0.10983148608087664,137,0.6144704699367988,124.20175978802507,2.0,9146.848050653247,6322.202314585239,4204.892851297993,0,196.86638158703582,0.0021426323837646947,1,6723.0,72.53905281701586,1020.0,0.1345444986455485,-0.2232645413128602,0.24949762053987895,0.05302235113586115,0.04271893058611703,-0.024450992557920034,0.013789365,EVADED,1
40,0.9111426122943962,56,0.04895138344460528,33.94879604152918,1.0,8424.828518911681,4694.736967161094,5260.79052576484,0,198.70969576854725,0.006612750803859552,1,395.0,77.31000523873396,384.0,0.04544759970680547,-0.14961788622550562,-0.1883407606027761,0.0498418973552054,0.03705633445335661,-0.012542476449074125,0.003414435,EVADED,1
20,0.3972386729042074,7,0.5285275622942356,33.38332566712283,1.0,4979.318749058135,4374.872224687683,4354.923973808219,0,199.7605090868221,0.0015197313820114271,1,2178.0,87.59367439122278,1487.0,0.03944578001564275,-0.12339359234645754,0.07535305636046169,0.05000415397797794,0.07730160689195543,0.01690329091473274,0.31689394,EVADED,1
30,0.710843780023074,72,0.9176435300551627,32.90668802484077,1.0,5216.719612469421,4268.282974458105,5916.039687747412,0,198.52160325777166,0.0018846955339578849,0,2455.0,96.7427412970148,212.0,0.034100469952073234,-0.5223084747446378,0.06648280868351472,0.05042403761736291,0.08082866057922838,-0.026905482182602986,0.037684694,EVADED,1
30,0.915780247706339,200,0.831168979314579,33.91492570832806,1.0,4617.873329159578,6206.128104349735,3482.2361374645952,0,985.8610657702512,0.003629404822578953,0,1636.0,103.12313328687878,2029.0,0.3545531216096971,0.0590807323635516,0.17265802397297722,0.0504118769517664,0.07074430606970356,-0.02151599452368967,0.07249191,EVADED,1
30,0.8086703354798461,113,0.22246942810595216,34.55556806733462,1.0,5227.7935662097725,2128.8063914880777,3050.157307892454,0,1520.2596819742719,0.010181592266307654,1,2413.0,80.05417587946891,1429.0,0.035343995131132996,-0.5750605283750246,0.030537843321726838,0.050661948308187675,0.0659894135968147,-0.016775465047839284,0.007606567,EVADED,1
40,0.9053364496025436,109,1.0,236.79074155370495,1.0,2261.0297447172525,2160.7701841476296,2949.993820406458,0,1466.7272002303334,0.00263760377973279,0,2594.0,92.44024950766118,1577.0,0.283004192992011,0.1720665154396225,0.09068370945508847,0.05119467541743727,0.13744262346926764,-0.014829878396861921,0.006014923,EVADED,1
18,0.09495991163721167,142,0.5350572748232562,33.93422902992235,1.0,4770.910818842991,5019.4350888712415,5231.13193701257,0,511.2379617776387,0.019561444357556454,1,12627.0,73.88155473595896,1822.0,0.23339590932532275,-0.2239066874337382,0.05654925119524252,0.050006656448113085,0.03526027686332521,0.0070505770508047585,0.12726097,EVADED,1
40,0.9034082648825602,259,0.17286872415396687,33.435063602256015,1.0,9812.545864138154,2060.1115110838527,4424.146638928495,0,198.64754944618647,0.0015226420379520517,0,4768.0,124.00997938295144,316.0,0.23556439479181077,-0.6225725256270573,0.22699511124652785,0.058371927836412985,0.12959760126875816,0.044218762924832206,0.48755682,EVADED,1
20,0.9016572076282837,66,0.37045658971799683,34.13406792474102,1.0,4659.855843643304,4803.357869251321,5263.78861932815,0,1528.8033312357802,0.005877474430701371,1,3354.0,82.30668239777891,969.0,0.27418706833141676,-0.8235457906374246,0.05544079491479556,0.05124148924098493,0.043138805576867556,-0.020278715104732968,0.045375913,EVADED,1
40,0.8100390060509598,153,0.9683254576717556,34.327874717555346,1.0,3442.4016921830653,4983.32308218654,5137.030280097271,0,186.92260885235316,0.004860590145457736,1,848.0,80.32787359235816,8016.0,0.5903191039425348,-0.034145249854297254,-0.1538146046965424,0.049899181730669664,0.024186757626347033,0.048485768701169024,0.43742913,EVADED,1
50,0.702366841830312,129,0.9902086967019246,20.555258361463295,1.0,4516.119059702349,4997.176995358931,5178.472140644527,0,199.35633667802003,0.0044007907898142495,0,2470.0,53.38240042366699,1300.0,0.02461033292778954,-0.6893692433260961,-0.012444667496362225,0.05050981341262299,0.026202227079844626,-0.0016924829505859055,0.047101907,EVADED,1
40,0.39378977731536596,12,0.46379014749532654,81.91657118317862,1.0,5610.6604096107985,7437.345186879384,5236.906388277934,0,198.56665881738635,0.003080538646380665,1,1755.0,76.3904994331645,652.0,0.02009972466009949,-0.23600176230728517,0.04580117619390314,0.051828596544908775,0.04419557500526622,0.002487037725281637,0.01977567,EVADED,1
20,0.9057817405975707,236,0.9670212606832302,14.250970894772538,1.0,7445.24505028073,5140.7744274767265,6394.594422244791,0,199.25507747622268,0.0028921589009551145,0,3271.0,119.14525941268275,1084.0,0.2216184081343944,-0.6480124670836115,-0.05035065166774315,0.050336234066695025,0.030812803958549788,0.023880945527120435,0.36938414,EVADED,1
20,0.11835245332976577,182,0.30316412743166865,34.17873599786358,1.0,10649.187297674835,6659.511353244588,4973.080490309886,0,204.31555009391752,0.0014306007519852193,1,1062.0,107.24997979996597,0.0,0.043187170971095784,-0.18217284999876635,0.030275756487363678,0.05086245189434668,0.13368767616726973,-0.01090908426771284,0.20567293,EVADED,1
40,0.6963629711103114,126,0.9652305083787878,33.47151511774064,1.0,712.7130477842256,4844.370810793664,5105.390890752832,0,203.10476545947026,0.0057388161053549555,0,660799.0,47.68048789262144,6643.0,1.0,-0.03704072394034566,-0.11719055201586942,0.05028854556545712,0.053974539466988325,0.0019784590274291233,0.42906997,EVADED,1
70,0.7033853841284787,119,0.28921265680053365,35.07459686555792,1.0,6380.733749128034,5689.7485968046285,5077.8978480909145,0,198.9925622703214,0.003616202837979736,0,3370.0,1536.05333031539,1525.0,0.24380070006385862,-0.17796489963501463,0.15849106238798688,0.05152505632245882,0.035300460541819574,-0.011301338244534644,0.018314688,EVADED,1
40,0.8039384361445686,313,0.5288640231589982,33.88456836233283,1.0,5814.436336878939,4736.768670792677,4911.3326145435785,0,199.37661937142,0.005495931440146269,0,76.0,73.37640191542376,1441.0,0.29635137630859826,0.2714706484019124,-0.012016674766879662,0.05071731172852107,0.1025472616381966,-0.025155285266921693,0.03089896,EVADED,1
30,0.4080137387289052,135,0.7959401047029557,10.46526405418412,1.0,4928.43208076545,4566.033109262942,5343.645843007089,0,210.47169427606698,0.0,1,3029.0,100.8230798658101,1382.0,0.22586866541075268,0.00404379431376929,-0.27008054217567723,0.050921950994543316,0.05734546314926827,-0.00020486089700449267,0.4578574,EVADED,1
40,0.899097630445515,90,0.8195230116532358,33.291852341291914,1.0,8698.186532591837,4451.220877717472,4287.243964436471,0,205.6469114178529,0.0009785327868729282,0,0.0,269.9316404621135,477.0,0.02133122579907774,0.14481395867483376,0.05581799186566497,0.0511738115941833,0.1329679047288067,-0.022072481305672152,0.46565098,EVADED,1
20,0.701019238953355,148,0.5570200753234776,33.98912060979872,1.0,5565.245337481112,4142.700841355847,6232.589801531774,0,200.42516371169918,0.005526235572573293,0,3091.0,91.8578818870203,301.0,0.04933453849439341,-0.03995755252325581,-0.2801684722217346,0.052305333200154916,0.034547684914484546,-0.037863932182206655,0.30347294,EVADED,1
20,0.893499264143594,93,0.5011453375857309,33.22016459075273,1.0,4431.065820682574,5128.637466927164,5079.37814435751,0,201.1113033804824,0.014223818238183744,1,1440.0,84.8224597194917,558.0,0.04617949354195489,-0.2269453078005954,-0.09815896275971525,0.05114286712853203,0.09008217969241805,0.046167476614448685,0.49866065,EVADED,1
69,0.7148304028554956,120,0.8326121664550963,33.73374696948122,1.0,2810.5594041559884,3952.9680879307816,4380.159000262003,0,1502.009320607782,0.005192437000537712,0,0.0,107.7428496565615,1543.0,0.2471527674736937,-0.06417150224264107,0.08444741453345614,0.05063554147469681,0.059740594079110546,-0.0012357705974429282,0.06096266,EVADED,1
40,0.7970236021715164,126,0.5481160312489075,78.17223132125707,2.0,2519.8172796398385,2055.136027054996,4263.865202455329,0,201.48112955279709,0.004256271086724493,0,381.0,79.86432281629155,524.0,0.02363128057163126,-0.16153873145101652,-0.07558398765214769,0.05053796182679383,0.05966588422440437,0.013089076164645998,0.26729178,EVADED,1
40,0.6998269474807691,147,0.9751697108613546,33.64543041726223,1.0,4154.4397275302845,4518.887629180314,5446.880622460968,0,203.46920753043509,0.005716237095546725,1,643640.0,73.61092175926116,2166.0,0.6162564671307951,-0.12924534042256994,-0.18732743923362186,0.057973324458567226,0.0311383561909563,0.049523836577646,0.4239575,EVADED,1
40,0.9071122902784354,122,1.0,34.575222109619965,2.0,2223.5921642002977,3210.73345894162,4166.020954554352,0,1492.0432079758114,0.00323127339364723,1,2706.0,259.79557444426297,798.0,0.06710487552255343,-1.4624646046728191,0.07542226031485308,0.0505596302198609,0.02867992413137014,0.006026249849349169,0.13999093,EVADED,1
40,0.8984170400467495,174,0.7558045196053411,14.763590673363273,1.0,2079.917066891074,4790.428512630275,5058.2442635276375,1,195.88454472994943,0.00472664021933345,0,1866.0,87.44464725906492,2558.0,0.0997880402994483,-0.22594741621408634,-0.1555258690582366,0.0511670130161762,0.06570461814388157,-0.02827566505458576,0.35321704,EVADED,1
30,0.3030344756780389,135,0.9115072670169977,159.55505067813368,1.0,3397.728148336654,4790.444363580345,4011.7997938399963,0,193.39233587785105,0.001511709403909014,1,3677.0,107.5402367091285,3167.0,0.20456159681857572,-0.2232854960098774,-0.15673219898870686,0.050626735478572216,0.02115761416972551,0.046013400221521145,0.45825866,EVADED,1
20,0.4122784858953179,35,0.45276636533715586,33.357700649339876,2.0,3410.8188459914195,4323.712525544869,4972.256451818613,0,202.74571124889485,0.0012961600976724831,1,1967.0,75.79115838522299,67.0,0.03839034899877336,0.054550023753178425,0.03629830109500232,0.05051578474226568,0.13219057291827052,-0.02048190828910529,0.46408394,EVADED,1
40,0.707541085318911,94,0.20826933557019967,34.04532082627758,1.0,3558.4537240773457,2793.229131425177,4373.68171520082,0,207.49167456455572,0.0031079462122499766,1,667111.0,57.73294214156512,1859.0,0.7668757399148811,0.017294159326165678,-0.19367931256981613,0.05737823429481288,0.030416525522597236,0.019713930327453257,0.09636689,EVADED,1
20,0.6925752529154733,68,0.26699428825850446,14.241752616716644,1.0,1548.121200019105,3432.29636792489,5363.704711393152,0,194.0575702261542,0.0025687250906927133,0,3068.0,76.04596257167468,687.0,0.023938886020380676,-0.5884532586411414,-0.15650340692409032,0.051320743734347564,0.13619514767481264,-0.04519661954766002,0.47949144,EVADED,1
40,0.7085090766580711,125,0.8944813003036391,22.93418984493187,1.0,4624.631451609077,4229.218779594522,4129.849194486605,0,198.5551626622083,0.04295380749017156,1,455.0,91.53331993939598,517.0,0.04542266534346154,-0.23850805987721185,0.10483439900982602,0.05119627178514402,0.08060253008927881,-0.03575980402458656,0.036130197,EVADED,1
30,0.7057426153294835,104,0.9128446011878826,111.78862100031454,1.0,2226.5504351840536,2614.8815802142462,4996.135453161152,0,200.8387904304232,0.003927457726876611,1,14273.0,124.42917140118199,1208.0,0.477841497763182,0.027828305720900958,-0.1437973629501344,0.05010856682898175,0.09349361408409733,0.011771212202644998,0.0838886,EVADED,1
40,0.911749295816456,41,0.6262017266060463,12.011360078088174,1.0,4054.82882269403,3777.2165868678358,4215.531385645509,0,201.81006561512083,0.001494496681849562,1,1632.0,311.3281626234343,142.0,0.05428216362254984,0.1660769479309159,0.08037711033162763,0.050660672678487,0.04825655842021431,-0.03309169893815266,0.14098276,EVADED,1
30,0.3974545728819682,153,0.8769231199725995,34.04404852163535,1.0,2519.9769523867526,3278.8032422754018,4437.661207770276,0,200.22224199749164,0.0033817693336206938,0,5460.0,61.58185560420142,2570.0,0.4597034357408586,-0.4325041566166736,0.24064752078528318,0.050152727262729076,0.09702684475989701,-0.0014823745461939068,0.015541037,EVADED,1
30,0.6991678888697477,155,0.16859162873663844,33.8325221200626,1.0,2923.3720182708626,3259.277798386242,3250.8127590840013,0,1509.5952502091955,0.00459427720325718,0,1495.0,69.15292941934456,1732.0,0.27059632509172193,-0.14170538446595274,0.1511638449595639,0.05174338776049539,0.07905648420792588,0.002644716769810392,0.22997643,EVADED,1
30,0.4165185044874907,130,0.15345205825272457,33.88576906918762,1.0,6912.335235120498,3182.3152630344057,3887.431960343522,0,204.3345546415607,0.007063525842973151,0,630713.0,102.36654924716589,1032.0,0.5690051149254014,-0.25329760061766365,0.2703964843809382,0.056670747114299556,0.13752734152579132,0.011687256699935103,0.22097367,EVADED,1
20,0.9040656003247757,138,0.9669527762521597,15.540680642888727,1.0,4065.8324388778196,4025.044654028333,4251.84132141267,0,1001.4143445586319,0.0027979959483319344,0,459.0,283.90278553829427,736.0,0.2385962914349353,0.13548736991322802,-0.040038220777960265,0.05116379699318849,0.06362005173678983,-0.05054223541682147,0.08351353,EVADED,1
40,0.6991391959446983,108,0.4427218415712389,10.689237395284161,1.0,2392.590953800941,2940.1820306818818,5464.403602828585,0,200.35035405236127,0.0015818081833617508,0,1406.0,105.18261855456754,430.0,0.014353570624139708,-0.24185283113274586,0.05458803213679644,0.05087980203625629,0.015223097656759577,-0.006043021006340042,0.2793208,EVADED,1
40,0.8960495930304755,201,0.8024114163795145,203.49889615676537,1.0,3476.71795013026,5804.112354787847,6395.280544679114,1,199.00337203932443,0.0028697268298608076,0,3733.0,74.43751924746549,823.0,0.04089437019937908,-0.08950479743076947,0.06454736173764926,0.05040718787731908,0.02060202345672301,-0.031066464629682246,0.09645144,EVADED,1
61,0.8064068796126795,120,0.4965493067737004,18.433684580119994,1.0,11566.824303237488,4012.6582201515607,5566.288122667226,0,193.54273967917788,0.003210419132083793,0,1620.0,114.19600089416298,2252.0,0.24227600180774145,0.0693991512376228,-0.15638985517468687,0.05106456463839557,0.07062359364685925,0.014086857079648435,0.39814055,EVADED,1
40,0.13617736806162062,66,0.8187740293752844,251.99978966157562,1.0,3903.4546541177033,4572.679650462352,5027.949510498962,0,192.6288708847598,0.005022163753806657,1,0.0,75.77701739865951,1806.0,0.2552526970150402,-0.03792478195683041,-0.12538805481873072,0.05019269161727738,0.10531273175397604,0.04694143584699739,0.29224256,EVADED,1
20,0.6982368163021422,8,0.8042911192503045,33.36204587391187,1.0,4943.2005114743015,3011.297277931996,4267.035294231126,0,1452.2795905075927,0.0006814119013264191,0,3006.0,62.01676449753528,1529.0,0.17373726745589924,-0.7282592896067545,0.16460174688797496,0.0509216668456771,0.05540247159255663,0.015246071174796549,0.07645112,EVADED,1
40,0.2258624071013211,166,0.7202602526876127,34.61051645356119,1.0,2822.4333570349613,2755.0277819211965,3081.6211124515876,0,984.1729884496024,0.002507985117965478,0,0.0,49.754361918167916,2535.0,0.22492201437721715,-0.8827162556572945,0.0421971062997126,0.0519040825423121,0.0735524804490032,-0.013186493006636102,0.113869116,EVADED,1
30,0.7142798546774239,211,0.8320989337965932,34.607063814121375,1.0,3123.9372924013724,3710.31393684369,5086.738849215004,0,200.72499577128468,0.002246815575775482,0,1375.0,78.78463193667353,1514.0,0.2743326053140638,-0.14424336868876964,-0.12652101447557074,0.04990307363278952,0.07776283186649859,0.007472881009804096,0.45466086,EVADED,1
30,0.39814023642077795,234,0.34433404885360136,33.96217879949543,1.0,4118.073352145151,4842.01448980164,4939.534045308363,0,200.93025921355496,0.0025085389954875876,0,2043.0,84.30181722886341,496.0,0.03142904979502787,0.06202342406734859,-0.17483283712624706,0.050660102874704876,0.0343190539987048,-0.04306843866165594,0.42738274,EVADED,1
57,0.08432176579987845,120,0.8873256763909274,33.553703444472276,1.0,5800.7556605895625,2985.4395409767326,5015.53682330589,0,506.80101306824804,0.004854102117503994,0,2248.0,43.80845499373987,1974.0,0.3253710649301997,-0.17335398289420625,-0.10193014793301436,0.05004016439015082,0.11214485899724388,-0.029202531954290453,0.0029985278,EVADED,1
40,0.2902472003208884,109,0.8717812465771873,33.94562996474753,2.0,5310.655020552159,7031.014461154068,5022.259462180831,0,1472.440928610177,0.00784044640431755,0,4335.0,36.98983723549464,959.0,0.018349791878354327,-0.8774612898633829,-0.1715345953671112,0.05166932059676311,0.11986029572083838,-0.006294011647936963,0.47548983,EVADED,1
20,0.6931519185559845,104,0.21762006371437842,34.43228418662883,1.0,4584.7012468636,4605.003346455339,5585.041674645815,0,205.09537009004032,0.013222921913090678,1,10235.0,50.48888094298831,8810.0,0.5533997026806834,-0.0056826659362190935,-0.15356499763776765,0.05052878250455521,0.08021797063882224,0.0045102772917685625,0.024289476,EVADED,1
30,0.6984682122239178,84,0.9127465340978347,34.01741227433534,1.0,8264.623012996772,6098.269606699334,5253.33151141354,0,200.37268131993554,0.003980190187982251,1,1833.0,117.4953944884494,539.0,0.04229255159611953,-0.28113484281712964,-0.15221937536565344,0.050984295831810945,0.08559315205669984,-0.020889150912480316,0.0085800225,EVADED,1
40,0.6933326116499424,62,0.7250734408045216,34.73179314874769,1.0,3450.955436897606,3087.448195693221,4190.356495459576,1,198.5280529022726,0.0,1,0.0,69.3129248587863,727.0,0.020185786902166894,-0.07707981831037339,0.03918926952160385,0.05020497583514374,0.049818779228340514,0.00939180843290707,0.39784762,EVADED,1
40,0.9090974698926398,94,0.9343269157646494,92.95607625308155,1.0,7598.418485067557,4585.818772660795,5538.037147543824,0,1002.8554106959529,0.002857848654051943,0,5859.0,50.80950697754132,8989.0,0.617536371270171,-0.5688115968923427,0.23408878355302892,0.0499470032138467,0.13085388008447138,0.006540417103780036,0.008272109,EVADED,1
40,0.09020498360600901,28,0.8020589349372339,15.740236830203557,1.0,2341.36646792411,4870.085782620748,5095.8283331078355,0,211.10155085681117,0.0052522340103065696,1,5924.0,132.17048392648456,1268.0,0.18606473755444958,0.1975960080316574,0.25306894810784997,0.050791720788009635,0.020944472196134857,0.029745700596569488,0.021024648,EVADED,1
40,0.9023504264131723,221,0.7744263176773875,24.187595760344937,2.0,4031.4374892086703,5238.10835321791,5939.841616624352,0,206.89180586688283,0.0031072884905546895,0,2804.0,101.02246943551643,2391.0,0.28801352579271655,-0.1172672785369722,0.10684393551036056,0.05302876861586352,0.05352016405429719,-0.027154631109098326,0.45908025,EVADED,1
68,0.8009985354244575,249,0.8557616204116008,33.478819334337416,1.0,2737.753763626909,5103.300206313517,5252.519354741269,0,196.17686181875052,0.009937100884122791,0,4217.0,86.90690773213282,2103.0,0.17080116985864202,-0.1615086959522541,-0.07446330105474754,0.050329091390053,0.13783544730705374,-0.02217355602684306,0.08766736,EVADED,1
30,0.6961341972845053,205,0.8320714737221744,34.46922641998026,1.0,3583.7517329638263,3127.8433504557806,6057.458041134459,0,202.14439474265814,0.012900109960466696,0,987.0,95.5460291433051,579.0,0.1175941851661284,-0.39069726770276164,0.15791594932939723,0.05094980450676559,0.030505945385626235,-0.007226837310698791,0.41751972,EVADED,1
20,0.7979205484772676,98,0.8083524062426,34.39270020536585,1.0,5814.43759528974,2703.253266196129,4158.582639906618,1,199.44806114813454,0.006228253632125886,0,931.0,79.87815313483792,1799.0,0.23922107217760688,-0.244750655459464,-0.2740615997324624,0.05101359861339486,0.013993201405935107,-0.01796851722287745,0.02710338,EVADED,1
30,0.903370922735248,81,0.8383561565287648,33.592063282494784,1.0,3138.721717560235,6285.813627415419,4981.327241581202,0,199.48155578142712,0.0005529113098331267,0,25.0,110.91721076685843,797.0,0.052433979342837854,-0.01573545223048331,0.06169291991111848,0.04983043793556294,0.1033764543287729,-0.012500983736362862,0.17202275,EVADED,1
40,0.9077977851681898,158,0.8917652945124845,14.311857299182249,1.0,4457.688279908141,4355.820098005628,5618.668930611325,0,1535.578512064936,0.003254015323591448,1,624764.0,52.53113777770124,5647.0,0.6216455936682157,-0.3097523483119775,0.12344961653011728,0.05072459381591132,0.031266438622446824,0.03891778892491519,0.488953,EVADED,1
20,0.6948946748414417,183,0.11916726230013809,34.14835854830729,1.0,7305.614234675513,3674.503868297438,4765.699663076801,0,1502.7396060507779,0.0015969776093522443,0,4313.0,78.13966403048687,616.0,0.048535375568421434,-0.5514283386885458,-0.1341756298522705,0.050365156222319636,0.13428482226595562,0.01776696947540276,0.29082116,EVADED,1
20,0.6058167986385198,202,0.15356348136974718,106.71057942141847,1.0,3868.698875862477,5180.114410941198,2955.8669249879727,0,1001.6750098453982,0.0034548059093900247,1,4541.0,63.33956909072826,873.0,0.029206508974436038,-0.05635411983279155,-0.15082164596811762,0.05082359421657478,0.02355523313602876,0.046576765735042894,0.33627462,EVADED,1
40,0.601479134647836,88,0.46103123358541875,34.52049592406277,1.0,2158.316859327636,7243.856418397467,3100.5486776227117,0,197.64725035520996,0.004302750757434045,0,1648.0,113.75571564169199,387.0,0.031012446168035168,-0.5935627290245044,0.055396958802530843,0.05147212636371541,0.13130610466590026,-0.04111940389445815,0.25608227,EVADED,1
40,0.7045522904350824,121,0.8793595146725289,34.31401550704605,1.0,6505.820011518602,5763.778689576342,5139.241247362518,0,199.41553251573268,0.0009440889766131589,1,0.0,67.88209973076188,302.0,0.04039490916188367,0.16685236906063622,0.0459396816911338,0.05077812086715796,0.0569223262562899,-0.0531547861470207,0.009861852,EVADED,1
69,0.687576142473551,143,0.9721024334408309,21.205378200167136,1.0,3909.2931707997996,5130.581875043423,4370.939874751926,0,194.36417889439758,0.004827310446619633,0,1900.0,111.9793541723876,1181.0,0.05073052964655134,-0.6045034609252726,-0.15538021079891143,0.05180504660337181,0.049575115863730715,-0.0042772686250687995,0.12606636,EVADED,1
40,0.7049500595827151,235,0.7558824520700649,248.61559323062966,1.0,4297.208007769785,5837.347814293943,5446.254802155442,0,202.0047376018424,0.013941032996959344,0,0.0,125.5764855545919,653.0,0.030606004991663112,-0.250409043516727,0.07243317288910193,0.05046719073989534,0.05046239472542374,0.045057737527495,0.022047175,EVADED,1
20,0.11069192041527574,275,0.488035448128865,35.023642677278445,1.0,4016.3834849527025,8619.96302768486,3590.819973015166,0,204.59591459338475,0.005843963771352118,0,1379.0,195.73315848766524,971.0,0.27265479102025486,-0.5970250887683872,0.1665322195138938,0.05781594138756165,0.055175861085512465,0.04277345336014938,0.28939897,EVADED,1
40,0.4035335445770739,76,0.08113526685947225,70.28202269768101,1.0,5437.491987638922,7131.111095448386,5055.426278451935,1,203.4386072130642,0.0073784905773041295,1,0.0,105.83148971520508,617.0,0.023032607632869077,-0.12800784966424145,-0.2726479248773302,0.05076679143983361,0.05622694756237562,-0.01848136821169201,0.30374476,EVADED,1
40,0.7064119346515308,217,0.29349441098831974,253.52104671403214,1.0,5834.7141831033805,3832.4009581679084,3024.11418939538,1,1484.2352018892814,0.012091156815062206,0,644.0,169.74226229565727,555.0,0.1976447475403143,-0.0932287612905508,-0.07329004953795396,0.051307964700486264,0.08813301313032713,-0.005056326505781517,0.40957204,EVADED,1
20,0.7916239549899489,146,0.9711034189896337,20.630898414241155,1.0,2689.8382682441124,2256.2797161658036,4283.636603762692,0,1490.8261407024338,0.002005104456649866,0,1912.0,85.93825783524004,557.0,0.038380310509363774,-1.4027437842117276,-0.14827104314345088,0.050823978101895345,0.05722822682510267,-0.025576156184071767,0.3848379,EVADED,1
20,0.7105612654966057,167,0.7283168152018471,22.322475499287226,1.0,4719.599614297623,7025.983255081779,5384.905218574789,0,205.38231666786555,0.004869752837021536,1,642005.0,83.2146923068788,1517.0,0.5504524872190624,-0.11016986642419782,0.24584202508534797,0.05110449118435334,0.02531366275178745,0.033771226681654096,0.34646565,EVADED,1
50,0.9057686750615541,90,0.13064836553395562,61.03984144717605,1.0,4668.522010709814,5999.07611040647,4829.037844410384,1,204.98132487645393,0.0041232635574789,1,718.0,269.5375357464061,2514.0,0.22888032629261867,-0.24530722845513958,-0.14839698180526392,0.05034256794970084,0.10597870722061574,-0.01622358025991323,0.38717467,EVADED,1
40,0.7122655994695509,138,0.8275783351604691,27.534250775683063,1.0,8672.217348464303,2829.212843935477,4988.000610376658,0,196.0265872705549,0.008085898207857274,0,581077.0,60.60472737369417,5858.0,0.6629275884718371,-0.19181667351537746,0.3588402533713273,0.050483749935981384,0.03706508832361581,-0.0260219344740054,0.17825706,EVADED,1
40,0.9060269199669775,172,0.5708609917633769,33.54304882595996,1.0,6162.13598541485,4925.889025963056,6302.909851607755,0,207.96471962722163,0.0003052554734551084,1,1875.0,253.8758940354402,230.0,0.037517670758153175,0.14046504978339122,0.036292510388933656,0.05031529687409533,0.13370661566360995,0.012947231619434552,0.4021261,EVADED,1
50,0.1233819120811128,41,0.6735551185098508,105.22741053320661,1.0,4657.344281266733,8532.881354331119,5288.6436828841215,0,203.73741471748815,0.00923882205786246,1,3390.0,1597.7331196312118,474.0,0.026634423989001874,-0.11772378693944258,0.04395206822194128,0.05284147627734633,0.04156618480264244,0.023454061572886965,0.039554674,EVADED,1
18,0.8986714627970609,229,0.9495508196985807,20.03675955393588,1.0,3552.9006250752227,4661.014019822365,3346.0710957536903,0,196.44456876437846,0.011058562574013364,0,2549.0,116.13628369747278,1488.0,0.0653888221077146,-0.6492849678530392,-0.17517308190795056,0.05026825458056299,0.083228679010295,0.010090782085914808,0.16116239,EVADED,1
40,0.8959081186594112,121,0.8478787891298821,16.009197064069586,1.0,4685.618130970044,3507.7113649318153,4957.359008700617,0,204.257378666788,0.007180163920195508,0,2173.0,97.5644810031793,2402.0,0.4213723737059498,-0.3541369836857058,0.05954025619963218,0.050062976502213474,0.05844202904107571,-0.05669471048156191,0.17586827,EVADED,1
40,0.9109639224313403,82,0.8724235182347982,34.18507307418036,1.0,9222.102274685405,3196.4731474208374,2977.276400735621,0,1499.4574416640075,0.004753270368814589,0,0.0,270.2578179568445,474.0,0.04575776328984528,-0.7711139342402782,0.04672628444103342,0.050896417585574484,0.13842990312114495,-0.005935793151821844,0.21791993,EVADED,1
50,0.6065562977971307,49,0.9767974799809755,96.19030753482551,1.0,8148.90009512161,4289.2619640564735,5107.360399644383,1,202.12554720720792,0.0019066708730936638,1,0.0,76.48504664451794,874.0,0.25766445218518064,0.1509871913170865,-0.27041339284607824,0.051444373599473396,0.016565409737778123,-0.005986489921475494,0.012007868,EVADED,1
40,0.6985891783638716,141,0.8756153278852551,32.987875892316865,1.0,1981.27802110885,6941.210203965433,4261.7838449100045,0,195.99198097358675,0.004555223365844845,1,3204.0,101.33245997614502,487.0,0.045992845857080744,-0.05578454575875469,0.05879431020596237,0.05007128553566036,0.04601550038867144,-0.011922167420872005,0.023844056,EVADED,1
40,0.7047008381958411,227,0.4251589418756232,10.68589623026183,1.0,2691.6419799092405,4751.214652941135,4077.4737797839184,0,190.57190937372985,0.0026315387390986257,0,0.0,373.39661240238325,894.0,0.05451797100756711,-0.35374623105471026,0.0856564749252131,0.05094958880448569,0.06734374656511159,-0.027976791770141504,0.37962908,EVADED,1
40,0.7175920989400882,56,0.9263229532785666,33.79549587542671,1.0,5345.842005128387,4354.880331535047,4289.05245706152,0,1472.2995361717149,0.0052242947072091254,0,0.0,43.11536062699713,640.0,0.2821412077259229,-0.5620949992118692,0.02861606288201867,0.05167687799902666,0.043886511995100366,-0.005053694282339054,0.4450223,EVADED,1
30,0.7901694733207244,121,0.1652893761095664,27.178909763800384,1.0,3804.191232684853,3800.433209705406,3208.3571622529344,1,1487.7253104165675,0.012939467249683662,0,4352.0,330.11706591220235,2007.0,0.2636600283980887,-0.28220081350652443,-0.1692826855784491,0.05056195016260485,0.058680237888558015,-0.01797168400764572,0.20816381,EVADED,1
40,0.8893557807027948,92,0.5529063704257424,33.96613625061746,1.0,2035.4329045795698,2794.8951683214846,4729.0711495338255,0,207.4034140494423,0.0008325959347426706,1,2895.0,129.6404412977807,1560.0,0.02335334137653179,-0.24762406799056713,-0.16298473103247343,0.05065925320418287,0.05363232492420175,0.016145561107339043,0.02738501,EVADED,1
40,0.6013611342603673,257,0.2514028971036902,22.74459472752962,1.0,7408.053210128984,4453.568946513058,4536.087538019615,0,200.10059334014767,0.011696526192168348,1,2589.0,120.51061142046737,1145.0,0.18923121397152443,-0.4918475416623422,0.17638269657220268,0.05118370741955837,0.0722373007945501,0.02424468336874118,0.43962753,EVADED,1
40,0.4011642603164202,103,0.7343886107679772,34.279496195479666,1.0,7786.926336575549,6282.658825982996,5518.998932424044,1,199.52820943890083,0.0058756521573002166,0,2703.0,68.25659882454116,1936.0,0.02858272313265572,-0.5767553257795754,-0.1468995164202112,0.0510121511872582,0.015995523334013665,0.0015885056874086582,0.35055706,EVADED,1
40,0.7054353051653857,63,0.9184666186204666,11.639980960395658,2.0,1189.0598977513164,7472.970122159433,4299.29483048169,0,203.43067274791707,0.005929746228739565,0,2289.0,97.60930135576346,9174.0,0.6012712358083689,-0.04161864863091545,-0.13443877083564965,0.04999885726867961,0.0483357063226562,-0.023440728534255943,0.06321967,EVADED,1
30,0.694038825259789,125,0.9827376502777888,15.058048749751109,1.0,1924.9815022571518,4871.335019724313,4332.654892567817,0,1015.5082284084598,0.01282927303464036,0,671903.0,50.27735135309525,1903.0,0.6738615534163461,-0.6644766694649855,0.16603028448371543,0.05794307637050795,0.11167834875709658,-0.002734343906435296,0.17509954,EVADED,1
40,0.7062237591630292,111,0.8095518598989736,25.08792654156969,1.0,2356.2601946422565,4603.601031925261,5168.350258415856,0,1472.9733094844223,0.0056956607061419435,0,3.0,124.29791820816612,2095.0,0.08933123407021437,-0.5543780599813372,-0.15309294067251927,0.05045351348226855,0.08447259218181377,0.01619160133746691,0.2657805,EVADED,1
20,0.39259798316877115,173,0.4401017740130658,31.78285970593116,1.0,7558.910043191587,4145.130440991588,6156.330754433942,0,198.81469644367385,0.0026070620825316346,1,121.0,96.90381446047583,1041.0,0.026786370035619293,-0.3002542639614913,0.03299907758192143,0.0513978730792164,0.025636681731579708,0.01568814504085717,0.06854276,EVADED,1
